9974905,Tommie,Larder,tlarder0
27742976,Nadia,Seckington,nseckington1
41928640,Dolph,Benasik,dbenasik2
42862669,Anitra,Grasha,agrasha3
28476085,Odo,Clell,oclell4
17559931,Wylie,Kainz,wkainz5
40449543,Kenna,Teape,kteape6
42262227,Sunshine,Jaskowicz,sjaskowicz7
46289220,Tandie,Coughtrey,tcoughtrey8
35263601,Ninetta,Possa,npossa9
25881930,Bo,Ketts,bkettsa
39943116,Arlen,Marshland,amarshlandb
47407270,Les,Willerstone,lwillerstonec
33893200,Laurice,Houlison,lhoulisond
13882929,Loree,Haugg,lhaugge
22597930,Juliet,Stollsteimer,jstollsteimerf
16052106,Xenia,Jacobbe,xjacobbeg
29827593,Dell,Drivers,ddriversh
28081505,Sauncho,Adaway,sadawayi
17648109,Iosep,Lapham,ilaphamj
44655778,Jarrad,Drinkale,jdrinkalek
24205097,Daffi,Shalcros,dshalcrosl
24552968,Erin,Saul,esaulm
35239144,Reiko,Trude,rtruden
25621657,Corinne,Thomassin,cthomassino
30160383,Hinze,Tullis,htullisp
22804449,Kassie,Reyna,kreynaq
23598700,Godiva,Argabrite,gargabriter
37773069,Ryon,Curness,rcurnesss
31371129,Alexi,Pieter,apietert
9276278,Carolus,Herrieven,cherrievenu
42493326,Cherye,Bagehot,cbagehotv
1067828,Sibeal,Attkins,sattkinsw
42902940,Frank,Wenman,fwenmanx
43344938,Lianne,Magson,lmagsony
6006351,Eustacia,Inglesfield,einglesfieldz
36643150,Jonathan,Franiak,jfraniak10
15266357,Findlay,Brideaux,fbrideaux11
26922696,Jaymie,Jacob,jjacob12
31685873,Clemmie,Mulhall,cmulhall13
15106100,Avivah,Cruikshank,acruikshank14
46921282,Emmerich,Chapman,echapman15
14556325,Clay,Scotland,cscotland16
32807101,Wynn,Pendry,wpendry17
31126411,Myrta,Coghlan,mcoghlan18
9089368,Bryana,Bathersby,bbathersby19
7004479,Alyssa,Dalwood,adalwood1a
34578072,Ola,Medmore,omedmore1b
33877700,Lisetta,Maltster,lmaltster1c
12246696,Christian,Hessay,chessay1d